Horse,Status,,Temperature,83
Horse 1,Off,,Humidity,57
Horse 2,Off,,,
Horse 3,Off,,,
Horse 4,Off,,,
Horse 5,Off,,,
Horse 6,Off,,,
Horse 7,Off,,,
Horse 8,Off,,,
Horse 9,Off,,,
Horse 10,Off,,,
Horse 11,Off,,,
Horse 12,Off,,,
Horse 13,Off,,,
Horse 14,Off,,,
Horse 15,Off,,,
Horse 16,Off,,,
Horse 17,Off,,,
Horse 18,Off,,,
Horse 19,Off,,,
Horse 20,Off,,,
Horse 21,Off,,,
Horse 22,Off,,,
Horse 23,Off,,,
Horse 24,Off,,,
Horse 25,Off,,,
Horse 26,Off,,,
Horse 27,Off,,,
Horse 28,Off,,,
Horse 29,Off,,,
Horse 30,Off,,,
Horse 31,Off,,,
Horse 32,Off,,,
Horse 33,Off,,,
Horse 34,Off,,,
Horse 35,Off,,,
Horse 36,Off,,,
Horse 37,Off,,,
Horse 38,Off,,,
Horse 39,Off,,,
Horse 40,Off,,,
Horse 41,Off,,,
Horse 42,Off,,,
Horse 43,Off,,,
Horse 44,Off,,,
Horse 45,Off,,,
Horse 46,Off,,,
Horse 47,Off,,,
Horse 48,Off,,,
Horse 49,Off,,,
Horse 50,Off,,,
Horse 51,Off,,,
Horse 52,Off,,,
Horse 53,Off,,,
Horse 54,Off,,,
Horse 55,Off,,,
Horse 56,Off,,,
Horse 57,Off,,,
Horse 58,Off,,,
Horse 59,Off,,,
Horse 60,Off,,,
Horse 61,Off,,,
Horse 62,Off,,,
Horse 63,Off,,,
Horse 64,Off,,,
Horse 65,Off,,,
Horse 66,Off,,,
Horse 67,Off,,,
Horse 68,Off,,,
Horse 69,Off,,,
Horse 70,Off,,,
Horse 71,Off,,,
Horse 72,Off,,,
Horse 73,Off,,,
Horse 74,Off,,,
Horse 75,Off,,,
Horse 76,Off,,,
Horse 77,Off,,,
Horse 78,Off,,,
Horse 79,Off,,,
Horse 80,Off,,,
